Wavelength (nm),Spectral photon flux (1/[s m2 nm])
496.15106,60303564125094.1
496.57242,58665182421154.16
496.9938,61653915401179.53
497.41516,53160087722641.17
497.83652,53104462612754.33
498.25784,54565684050925.6
498.6792,59387654090242.47
499.10052,55399989717206.77
499.52188,62139553501306.03
499.94321,56294525741378.07
500.36453,53233696642164.05
500.78586,68454304974211.11
501.20718,58063920333948.06
501.62848,59985987323423.26
502.0498,64707747615295.06
502.4711,60963655911573.336
502.8924,53500117113987.03
503.31369,48840990232152.84
503.73499,57348896380786.35
504.15628,60999526803930.0
504.57758,48699618129822.48
504.99884,45425798442768.73
505.4201,62673724342430.4
505.8414,67683509805384.59
506.26266,63661451210185.32
506.68393,46733286301494.555
507.10516,72913090767219.4
507.52643,64075925870786.305
507.94766,61174066957002.66
508.3689,55775942420389.44
508.79013,66505911653530.3
509.21136,66611391212238.086
509.6326,61085105684459.24
510.05383,51495365524026.92
510.47504,62613085121401.14
510.89627,64169823459942.445
511.31747,67395662857961.23
511.73868,53141066448642.74
512.15985,71562285718074.47
512.58105,66719845794875.484
513.00226,60949404448939.88
513.4234,58271409346078.69
513.8446,63919604245445.2
514.26581,70387762164498.92
514.68695,68890541873915.555
515.10809,59757957130704.164
515.52924,66071097385282.51
515.95044,73762945038108.47
516.37158,65896237294051.055
516.79272,68520681337029.516
517.21387,70565222690088.94
517.63495,72724592427170.72
518.05609,61581858207518.85
518.47723,62076249789419.36
518.89832,72711984616766.42
519.31946,70983608702922.64
519.74054,70241527953221.09
520.16162,72430434936719.03
520.58276,69976464215968.73
521.00385,81875905462123.22
521.42493,74645088755516.05
521.84601,74712761187101.8
522.26709,76534141917246.94
522.68811,82170014446154.75
523.10919,73328015195928.34
523.53027,77458289583004.73
523.95129,89582691988610.47
524.37231,90197801261645.22
524.7934,85018211679614.7
525.21442,78482788685345.61
525.63544,81856315523117.52
526.05646,94523312009241.53
526.47748,76119714382390.11
526.8985,83813347046385.4
527.31946,94927937479918.45
527.74048,95948416107005.86
528.1615,91110416063394.94
528.58246,80684352358345.08
529.00342,97180033829691.27
529.42444,108953655802789.05
529.8454,94701622284130.7
530.26636,92507287788515.33
530.68732,99751714777161.2
531.10828,109859172381890.14
531.52917,109924554625512.78
531.95013,94220737367070.17
532.37109,103056801151103.52
532.79199,115350657571778.62
533.21289,108633800212665.3
533.63385,102466801896373.64
534.05475,116184395819286.27
534.47565,119549328229133.58
534.89655,119094747177521.81
535.31744,122715351769167.83
535.73834,132696489481162.05
536.15918,136359273140914.22
536.58008,136925882261387.92
537.00092,129143446061040.53
537.42175,132155103318139.77
537.84265,133738893094576.95
538.26349,142254866521672.28
538.68433,135803260253112.84
539.10516,144328237378668.25
539.526,157226936376098.22
539.94678,156631419710645.4
540.36761,149625332002074.22
540.78839,167872362691895.12
541.20923,167744530528110.75
541.63,165371276701495.2
542.05078,165253381496059.75
542.47156,177500597008573.9
542.89233,181685807565729.88
543.31311,176148680740245.47
543.73389,179104318198676.4
544.1546,198569154243501.78
544.57538,198965754429655.03
544.99609,203212151653953.6
545.41687,197400671273447.9
545.83759,210821458212253.28
546.2583,222052034815214.06
546.67902,225247089063041.3
547.09973,217731301338916.97
547.52039,227374384548917.88
547.9411,242035860529791.9
548.36176,244950373525109.25
548.78247,246411800136981.5
549.20313,259338690319211.0
549.62378,269313300519980.66
550.04443,276979503066088.38
550.46509,266662903606312.34
550.88574,291395532157807.7
551.3064,293023455577800.9
551.72699,300791663889561.2
552.14764,303864328076961.25
552.56824,311658688183759.25
552.98883,330501382578033.25
553.40942,332364784891093.1
553.83002,330855619585797.44
554.25061,344216199621707.25
554.6712,365144500571723.9
555.09174,358372677906638.8
555.51233,370470140510076.25
555.93286,380904769787693.4
556.35339,401534704885837.6
556.77399,402237403696108.94
557.19452,405360846935653.3
557.61505,426603773074524.06
558.03552,441639086474306.9
558.45605,439507705825774.56
558.87653,452221166198136.75
559.29706,473921923436222.25
559.71753,487851749054399.1
560.138,491805736013594.44
560.55847,505984640092681.75
560.97894,535653789317221.44
561.39941,547349143869716.8
561.81989,552155868610568.5
562.2403,558141507314190.7
562.66071,585265668594749.4
563.08118,619235989768383.8
563.50159,617541870641680.1
563.922,623680351522343.1
564.34241,660177865585314.4
564.76276,688058085355773.0
565.18317,691533849646813.2
565.60358,705415474184266.5
566.02393,723658177011014.2
566.44427,752262447868172.1
566.86462,770502666764055.0
567.28497,784755325433738.0
567.70532,813422740239486.0
568.12567,831360809365170.5
568.54596,855786387543921.5
568.96631,870928067460714.4
569.3866,906475452916434.8
569.80688,936087349378815.9
570.22717,954125338488449.9
570.64746,973909844132800.4
571.06775,1016936542058524.6
571.48798,1041886750304559.5
571.90826,1047778021254821.6
572.32849,1097595192107372.4
572.74872,1117570037019187.1
573.16901,1164964278492070.0
573.58923,1160952810279114.2
574.0094,1199855274323602.8
574.42963,1232736255048123.0
574.84985,1266845203844459.2
575.27002,1293810164210519.0
575.69019,1315906099065772.8
576.11035,1353615220750316.2
576.53052,1381755777426458.8
576.95068,1411673972462890.8
577.37085,1439251708396726.2
577.79095,1495158959322195.0
578.21112,1518708846753705.0
578.63123,1561468236464665.2
579.05133,1579714450101674.2
579.47144,1643445923074416.0
579.89154,1675624377740787.8
580.31165,1700240287900304.8
580.73169,1751084281547167.2
581.15179,1799411660909643.2
581.57184,1853118846409980.5
581.99188,1885288084917183.0
582.41193,1930494625439496.5
582.83197,1960464114760519.0
583.25195,2021438482328894.8
583.672,2056403806830169.5
584.09198,2107252747706368.5
584.51202,2159853909846884.5
584.93201,2222230771978793.0
585.35199,2240247092661480.5
585.77197,2305325721645167.0
586.19189,2353532382724024.5
586.61188,2420696220740335.0
587.0318,2481754135359988.5
587.45172,2518255650603503.0
587.87164,2597896787294971.0
588.29156,2639074371179681.0
588.71149,2711520961731513.0
589.13141,2753101522519001.0
589.55127,2827096459295688.0
589.97113,2876763953777350.0
590.39099,2949016412372787.5
590.81085,3010547462331782.5
591.23071,3079137054286219.0
591.65057,3122160459679265.5
592.07037,3201335229206540.0
592.49023,3265801326802711.0
592.91003,3313158957808745.5
593.32983,3377376310825107.5
593.74963,3433277763991501.5
594.16943,3507767223742268.5
594.58917,3558404192920467.5
595.00897,3628137078874771.0
595.42871,3710623970355895.0
595.84845,3774776358497429.0
596.26819,3835682120798116.5
596.68793,3891207705622413.5
597.10767,3962068008974046.5
597.52734,4026091803707659.0
597.94708,4133885011745115.0
598.36676,4197849603503184.5
598.78644,4264871932185146.5
599.20612,4338671944682310.5
599.62573,4389358228338526.5
600.04541,4512888795343513.0
600.46503,4565124321233662.0
600.88464,4630096069944801.0
601.30426,4700766892675310.0
601.72388,4761010420422823.0
602.14349,4827633622415975.0
602.56311,4930131229454771.0
602.98267,4991788409171495.0
603.40222,5094013260027465.0
603.82178,5168645905455363.0
604.24133,5257557070188820.0
604.66089,5337239960240257.0
605.08038,5444077546121301.0
605.49994,5500944212941555.0
605.91943,5589241238888302.0
606.33893,5708738897727383.0
606.75842,5806319288266395.0
607.17792,5864455540903704.0
607.59735,5932970744707798.0
608.01685,6020413743257407.0
608.43628,6131307493938655.0
608.85571,6211277131867107.0
609.27515,6291791846609680.0
609.69458,6434849292045001.0
610.11395,6497529098031075.0
610.53339,6561682038723397.0
610.95276,6672189805876246.0
611.37213,6761693571368282.0
611.7915,6876959904370709.0
612.21082,6960830037731717.0
612.63019,7041521510995434.0
613.0495,7130879066649215.0
613.46881,7233925641554520.0
613.88812,7321600526220628.0
614.30743,7405435350368034.0
614.72675,7515521169814169.0
615.146,7570442977149263.0
615.56531,7703695345114719.0
615.98456,7776467841803735.0
616.40381,7870733084852906.0
616.823,7997457270887503.0
617.24225,8095413937563074.0
617.66144,8177014656373005.0
618.08069,8285538843646058.0
618.49988,8342931917882920.0
618.91907,8487701115480185.0
619.3382,8549860180036823.0
619.75739,8662156618062314.0
620.17651,8740618697787262.0
620.59564,8873177789236901.0
621.01477,8930635232857892.0
621.4339,9053783574813648.0
621.85303,9123126031774654.0
622.27209,9185055513714002.0
622.69116,9256153180331038.0
623.11023,9356111395504126.0
623.5293,9419710399180702.0
623.94836,9526184410705944.0
624.36743,9671955808312670.0
624.78644,9690946854941692.0
625.20544,9800227156326912.0
625.62445,9875172068108998.0
626.04346,9987630384496860.0
626.4624,1.0089102657477316e+16
626.88141,1.0149076507143452e+16
627.30035,1.0256021753567986e+16
627.7193,1.0305593884134096e+16
628.13824,1.0388571028217908e+16
628.55719,1.0512629474218506e+16
628.97607,1.0601340472349956e+16
629.39496,1.0655725704429648e+16
629.81384,1.0661148300141822e+16
630.23273,1.0773861448143264e+16
630.65161,1.086081494578454e+16
631.0705,1.0922640349984888e+16
631.48932,1.102940370594893e+16
631.90814,1.1074810529249128e+16
632.32697,1.111781399247247e+16
632.74579,1.1172138482942576e+16
633.16455,1.12474669411301e+16
633.58337,1.1382857631531586e+16
634.00214,1.1387183892465134e+16
634.4209,1.1469632738009376e+16
634.83966,1.1508548207662748e+16
635.25836,1.16080889195245e+16
635.67712,1.1694517867749554e+16
636.09583,1.1727893953892344e+16
636.51453,1.183893663264062e+16
636.93323,1.1863711753108456e+16
637.35193,1.1962984749274158e+16
637.77057,1.2023953081736542e+16
638.18921,1.2074526301086e+16
638.60785,1.2187733597476352e+16
639.02649,1.2214767218700418e+16
639.44513,1.2304735221670968e+16
639.86371,1.234186581257603e+16
640.28235,1.2437036750574862e+16
640.70093,1.2506337898582472e+16
641.11951,1.2595011274744882e+16
641.53802,1.2678519766637834e+16
641.9566,1.269644175288972e+16
642.37512,1.278893329543395e+16
642.79364,1.2774418024531708e+16
643.21216,1.2856789842035184e+16
643.63068,1.2929493467409784e+16
644.04913,1.3004955483240648e+16
644.46759,1.3048053596402654e+16
644.88605,1.3082244296842088e+16
645.3045,1.315795747075277e+16
645.72296,1.3223430131372316e+16
646.14136,1.3249069363667604e+16
646.55981,1.3358604425139902e+16
646.97821,1.344706558929982e+16
647.39655,1.3458711552578638e+16
647.81494,1.3546963920416044e+16
648.23334,1.3601483127126856e+16
648.65167,1.3655148715662912e+16
649.07001,1.3728253084169388e+16
649.48834,1.3764603888280158e+16
649.90662,1.3835771749509668e+16
650.32495,1.3863689832096632e+16
650.74323,1.3879516831816556e+16
651.1615,1.39406797890382e+16
651.57971,1.3999092533802228e+16
651.99799,1.3973920164017898e+16
652.4162,1.4072320658304322e+16
652.83447,1.4001361603567398e+16
653.25262,1.4001671241794846e+16
653.67084,1.4071592847268232e+16
654.08905,1.4031698626280648e+16
654.5072,1.4051638086090464e+16
654.92535,1.4037440570290214e+16
655.34351,1.4022748670573608e+16
655.76166,1.401090357998269e+16
656.17975,1.4005253145560198e+16
656.59784,1.399176574469538e+16
657.01593,1.395211244102347e+16
657.43402,1.3959323450856282e+16
657.85211,1.3951349977585214e+16
658.27014,1.391947658524238e+16
658.68817,1.3893092555734662e+16
659.1062,1.385264176051926e+16
659.52423,1.3831842378890984e+16
659.94226,1.3849611746706562e+16
660.36023,1.3875877274698218e+16
660.7782,1.385193808404593e+16
661.19617,1.3820895340720032e+16
661.61407,1.3835354429376806e+16
662.03204,1.3813022673818638e+16
662.44995,1.3817414871929638e+16
662.86786,1.3785578608042034e+16
663.28577,1.3799228405954594e+16
663.70361,1.3814758220081262e+16
664.12152,1.3757751980845332e+16
664.53937,1.371575857273672e+16
664.95721,1.3734955934868666e+16
665.375,1.3695331001271874e+16
665.79285,1.3685687728914514e+16
666.21063,1.3702871234491246e+16
666.62842,1.3730936417483506e+16
667.0462,1.3720771410186788e+16
667.46399,1.3676798736781074e+16
667.88171,1.3666372788768628e+16
668.29944,1.3709271655460218e+16
668.71716,1.3714955968520552e+16
669.13489,1.3682763291082894e+16
669.55255,1.3671379096795812e+16
669.97021,1.3731549528647294e+16
670.38788,1.3690558041037468e+16
670.80554,1.3683807602785324e+16
671.22321,1.3665793482179386e+16
671.64081,1.365963357336554e+16
672.05841,1.3695905555721032e+16
672.47601,1.3742590654205422e+16
672.89355,1.3718346991992684e+16
673.31116,1.3754606214197596e+16
673.7287,1.3773663408567848e+16
674.14624,1.369227320974781e+16
674.56378,1.3698442505115038e+16
674.98126,1.369584747293753e+16
675.39874,1.371847278165233e+16
675.81622,1.3693973485083986e+16
676.2337,1.3669126568001498e+16
676.65118,1.368234853372398e+16
677.0686,1.3638931325733486e+16
677.48602,1.3602890142491788e+16
677.90344,1.3573094360102144e+16
678.32086,1.357405959576798e+16
678.73822,1.3517720100417096e+16
679.15558,1.350943720266095e+16
679.57294,1.3447332112292338e+16
679.9903,1.3445823340382918e+16
680.40759,1.3430191410623934e+16
680.82495,1.3386821005914246e+16
681.24225,1.3313191147431948e+16
681.65948,1.3233376009442262e+16
682.07678,1.3262812674510012e+16
682.49402,1.3277299402348844e+16
682.91125,1.3169225119537636e+16
683.32849,1.3192374855633402e+16
683.74573,1.314923323706342e+16
684.1629,1.3094969211573416e+16
684.58008,1.3061197641034026e+16
684.99725,1.2964511606501302e+16
685.41437,1.2987305684442244e+16
685.83154,1.2909073694227352e+16
686.24866,1.288376867362749e+16
686.66577,1.283948759145048e+16
687.08289,1.2737789216126286e+16
687.49994,1.2720708171593176e+16
687.91699,1.2675847342959884e+16
688.33405,1.2609845771259996e+16
688.7511,1.2527599258679384e+16
689.16809,1.2481920962696568e+16
689.58508,1.2391546808560446e+16
690.00208,1.2369587695110172e+16
690.41907,1.228400140015512e+16
690.836,1.2253588530434952e+16
691.25299,1.2168196936356338e+16
691.66992,1.2124596321865224e+16
692.08679,1.210948156590876e+16
692.50372,1.2018607380382606e+16
692.92059,1.1982667274069372e+16
693.33746,1.19333451251685e+16
693.75433,1.1909006310040646e+16
694.17114,1.183617632862208e+16
694.58801,1.1772879704720304e+16
695.00482,1.1825860406735718e+16
695.42157,1.1747494407657126e+16
695.83838,1.172469250472301e+16
696.25513,1.1678140566147894e+16
696.67188,1.160422472524418e+16
697.08862,1.1609076366415718e+16
697.50531,1.1614452457227166e+16
697.92206,1.1547210103382466e+16
698.33875,1.156699771486536e+16
698.75537,1.1528769774196064e+16
699.17206,1.1488966611112006e+16
699.58868,1.1458868748597022e+16
700.00531,1.1434910077494936e+16
700.42194,1.1394709051495878e+16
700.8385,1.1395978790078572e+16
701.25513,1.132931136807775e+16
701.67169,1.1337865537661454e+16
702.0882,1.126132898829278e+16
702.50476,1.1224833680174844e+16
702.92126,1.1197547457400348e+16
703.33777,1.1193593133580702e+16
703.75427,1.1138816503738514e+16
704.17072,1.1128615684058396e+16
704.58716,1.1102368690462944e+16
705.0036,1.1043943470001714e+16
705.42004,1.0999699901275982e+16
705.83643,1.098335065513189e+16
706.25281,1.0905059952163516e+16
706.66919,1.0905472374331854e+16
707.08557,1.0883157312448056e+16
707.50189,1.0830399437923216e+16
707.91821,1.0755380223021474e+16
708.33453,1.0693617314837688e+16
708.75085,1.0676049083206728e+16
709.16711,1.063735196682744e+16
709.58337,1.0561135981974714e+16
709.99963,1.0550549016139414e+16
710.41589,1.0471446631329368e+16
710.83209,1.0427151445029064e+16
711.24829,1.0427099671886858e+16
711.66449,1.0360375542094728e+16
712.08063,1.0289063643809058e+16
712.49677,1.0259152561386606e+16
712.9129,1.0163985099417988e+16
713.32904,1.0093608497541418e+16
713.74512,1.0097757246923976e+16
714.16125,1.0035103540585152e+16
714.57727,9961716139978708.0
714.99335,9887370782331148.0
715.40936,9835084418777838.0
715.82538,9766572211948846.0
716.24139,9687990657710034.0
716.65741,9640058515424848.0
717.07336,9584633221642804.0
717.48932,9502161586006428.0
717.90527,9473254785497962.0
718.32117,9370782587423288.0
718.73712,9344776267942374.0
719.15302,9277442290565018.0
719.56885,9268518199325096.0
719.98474,9189971041723172.0
720.40057,9171617357117332.0
720.81641,9091736837492364.0
721.23218,9026838601855522.0
721.64801,8986261980807801.0
722.06378,8942665179389310.0
722.47949,8855253478035914.0
722.89526,8838216110573382.0
723.31097,8810751912876825.0
723.72668,8791057296811248.0
724.1424,8750050652577410.0
724.55804,8700459281760496.0
724.97369,8649671766226668.0
725.38934,8623951870451016.0
725.80499,8576814984065309.0
726.22058,8543609533793301.0
726.63617,8521665319639850.0
727.05176,8455256935351301.0
727.46729,8432223507920785.0
727.88281,8385464918474714.0
728.29834,8366288442464903.0
728.71387,8319756326092504.0
729.12933,8274960232585126.0
729.5448,8242447323500322.0
729.96027,8187074661512407.0
730.37567,8168224197039148.0
730.79114,8119042174452781.0
731.20648,8065586379221946.0
731.62189,8045458421201464.0
732.03723,7972787530721652.0
732.45264,7951661778158973.0
732.86792,7897635251952813.0
733.28326,7865039201459878.0
733.69855,7825427944026042.0
734.11383,7772262749028231.0
734.52911,7695017052978986.0
734.94434,7643286135457736.0
735.35956,7614375337471030.0
735.77478,7567071627130366.0
736.18994,7526538221903965.0
736.60516,7491341706374728.0
737.02032,7427123441271383.0
737.43542,7362781893468503.0
737.85059,7325179967351675.0
738.26569,7271005470574160.0
738.68079,7230712862506789.0
739.09583,7184181467123569.0
739.51086,7142296073093689.0
739.9259,7123751370081513.0
740.34094,7112888323371618.0
740.75592,7091192838712282.0
741.1709,7064909285442774.0
741.58588,7083011116520818.0
742.00079,7032860726775378.0
742.41577,7027462399687295.0
742.83069,7010425044017858.0
743.24554,6998141194023430.0
743.6604,6975559146165858.0
744.07526,6943675340401144.0
744.49011,6936066735500205.0
744.90497,6893949719546016.0
745.31976,6843751567901786.0
745.7345,6808603368330173.0
746.14929,6754920720677544.0
746.56403,6750970827600932.0
746.97876,6714452131977358.0
747.39349,6688350815723118.0
747.80817,6608150122550165.0
748.22284,6580790017490504.0
748.63751,6541667953710908.0
749.05212,6515003408375726.0
749.4668,6445864395463946.0
749.88135,6431710760558554.0
750.29596,6380815544675159.0
750.71051,6350883690054223.0
751.12506,6292841976474650.0
751.53961,6256125367629441.0
751.9541,6204852967967010.0
752.36859,6183285177428766.0
752.78308,6119313651398191.0
753.19751,6102998130764775.0
753.612,6057500881290788.0
754.02637,5983746635473914.0
754.4408,5981003811885062.0
754.85516,5951848936464781.0
755.26953,5882520796865443.0
755.6839,5851032939919804.0
756.09821,5795571161734674.0
756.51251,5794773215307309.0
756.92682,5737360896653739.0
757.34106,5686493547056815.0
757.75531,5649469121243956.0
758.16956,5640430772879871.0
758.5838,5575809302585361.0
758.99799,5527081074305400.0
759.41217,5477573016076048.0
759.82629,5472874703680350.0
760.24048,5437913848702571.0
760.65454,5369206785217567.0
761.06866,5348263692708546.0
761.48273,5326432789601632.0
761.89679,5272186601057675.0
762.31085,5279065291308499.0
762.72491,5225302624251950.0
763.13892,5197569085334310.0
763.55286,5190966761151428.0
763.96686,5173199418934867.0
764.3808,5118116065116355.0
764.79474,5113723547757039.0
765.20862,5118759943795986.0
765.62256,5077144508660954.0
766.03644,5045268916663394.0
766.45026,5015242041326837.0
766.86407,4990590391229984.0
767.27789,4970692202556161.0
767.69171,4955202398693943.0
768.10547,4921897605692614.0
768.51923,4902300806077050.0
768.93298,4870950515405531.0
769.34668,4843658597332435.0
769.76038,4819980351527516.0
770.17407,4823181710485434.0
770.58777,4775136834403080.0
771.0014,4754420997606176.0
771.41498,4710997633909005.0
771.82861,4681891718031885.0
772.24219,4656484299813067.0
772.65576,4644611758711934.0
773.06927,4617167649412992.0
773.48285,4595105548338484.0
773.8963,4566674211700944.0
774.30981,4548260480621364.0
774.72327,4497707652607023.5
775.13672,4453124648279827.5
775.55017,4416164535515230.5
775.96356,4378528542838625.5
776.37695,4380794458136323.5
776.79028,4343721859835777.0
777.20367,4327058073591628.0
777.617,4274140570916594.5
778.03027,4267636821119236.5
778.4436,4257395839295600.0
778.85687,4260875978824895.0
779.27008,4189628521631657.5
779.68335,4175625557289838.0
780.09656,4117510617625757.0
780.5097,4097265475813237.5
780.92291,4060332905214711.0
781.33606,4047779155293510.5
781.74915,4035517860714470.5
782.16229,4003849113279177.5
782.57538,3969681487082956.0
782.9884,3950473758735339.5
783.40149,3937770190404639.0
783.81451,3898653625945588.5
784.22748,3867249460941969.0
784.6405,3846704731891860.5
785.05347,3838877875637451.0
785.46643,3798256651962945.0
785.87933,3782855116138904.0
786.29224,3760791023019119.0
786.70514,3743821172034322.5
787.11798,3711433131373653.0
787.53082,3699364983892152.0
787.94366,3697718404830055.5
788.35645,3658237397149696.5
788.76923,3623319129972608.0
789.18201,3612003320419039.5
789.59473,3590112145075479.5
790.00745,3579760048370280.0
790.42017,3557480192550876.0
790.83282,3535953624010370.0
791.24554,3501595435124107.0
791.65814,3492896232400720.0
792.0708,3456422694373566.5
792.4834,3449792391607316.5
792.89594,3434952703154940.0
793.30853,3418473725411496.0
793.72107,3395868563011875.0
794.13354,3369820221901762.5
794.54608,3340325451664909.0
794.9585,3335942394385231.5
795.37097,3312513946339081.5
795.78339,3307792740175808.5
796.1958,3274360741583548.0
796.60822,3287381978501848.0
797.02057,3246587408738844.5
797.43292,3219175385232276.5
797.84528,3205109711192936.0
798.25757,3184191040420385.5
798.66986,3177425799512362.0
799.08209,3155811630531614.5
799.49438,3145129127055360.0
799.90656,3125384644036252.0
800.31879,3086348418760023.0
800.73096,3083729034590857.0
801.14313,3070564035319065.0
801.55524,3054752014381481.5
801.96741,3032482249064650.0
802.37946,3017355530024986.5
802.79156,2989612041551283.0
803.20361,3017412410649145.0
803.61566,2969608842499145.0
804.02765,2952147381517863.5
804.43964,2930648641387896.0
804.85162,2926821728753653.5
805.26355,2886783609832044.0
805.67548,2878804266880553.5
806.0874,2851401122230743.0
806.49927,2853252685767345.5
806.91113,2830989327164239.5
807.32294,2792837445987152.5
807.7348,2787265607002506.0
808.14655,2778621456210845.5
808.55835,2755318397351356.5
808.97009,2738893176321881.5
809.38184,2713922564383424.0
809.79352,2711558893611020.5
810.2052,2668942845107843.5
810.61688,2658872843798178.5
811.02856,2652509976964161.0
811.44019,2641951104394827.5
811.85175,2647315895398074.5
812.26337,2602595316923265.0
812.67493,2611106102053755.5
813.08643,2574339620027488.5
813.49792,2549727400584311.0
813.90942,2538622758129752.5
814.32092,2521502912852640.0
814.73236,2491282587329625.0
815.1438,2491383268720870.5
815.55518,2460222339186454.5
815.96655,2457130080032979.0
816.37793,2435741184050185.5
816.78925,2413561651030658.0
817.20056,2406028563827329.5
817.61188,2391330521009969.5
818.02313,2383139063992488.5
818.43439,2363156551687516.5
818.84564,2336440036392113.0
819.25684,2306439951852760.5
819.66803,2323375158126746.5
820.07916,2289345112171097.0
820.4903,2290125885540262.5
820.90143,2266297721784576.0
821.3125,2252788974681342.0
821.72357,2224042165941378.2
822.13464,2218737199754577.0
822.54565,2204847348536243.0
822.95667,2211300903570775.0
823.36768,2187399706154520.5
823.77863,2154454825568277.5
824.18958,2170795670647725.8
824.60046,2136437976832473.2
825.01135,2128840610476514.2
825.42224,2102449874423247.0
825.83307,2105136756908296.5
826.2439,2087245961952210.0
826.65472,2067503686770483.0
827.06549,2052221008046791.8
827.47626,2045745948250679.8
827.88696,2030293316076831.5
828.29767,2012675682300570.2
828.70837,2002517941074729.8
829.11908,1986100293222636.0
829.52972,1994231395316052.0
829.94031,1980950174118132.5
830.35089,1956903809095757.2
830.76147,1975263972091429.8
831.17206,1949580308493166.8
831.58258,1956071038787248.5
831.9931,1932973636324087.8
832.40356,1917374221793910.8
832.81403,1906149874959083.0
833.22449,1882169848637395.0
833.63489,1860676952652185.0
834.04529,1865233959898840.8
834.45563,1874799205273295.8
834.86597,1837770698474107.5
835.27631,1830226829067562.8
835.68658,1830885814540571.8
836.09686,1812737847972347.2
836.50714,1816594900795721.5
836.91736,1800653772507538.2
837.32758,1803335576001251.2
837.73773,1784531284152745.8
838.14789,1763732528293157.2
838.55804,1757626128234974.5
838.96814,1756597833235142.8
839.37823,1773740057906429.0
839.78833,1746098803805797.5
840.19836,1743987122942198.5
840.6084,1711569091325181.8
841.01837,1734803611470916.0
841.42834,1723324711252478.5
841.83832,1696290131341114.0
842.24823,1719405126391029.2
842.65814,1696767329036489.0
843.06799,1682031352897107.8
843.47784,1664478330300987.2
843.8877,1652653419224595.8
844.29749,1645260004226374.2
844.70728,1631801251253925.0
845.11707,1633013562291989.8
845.52679,1631596863168246.5
845.93652,1633933981043950.2
846.34619,1601669203816934.5
846.75586,1586544506576708.5
847.16553,1602312545244172.0
847.57513,1596306449201624.8
847.98474,1585255455092801.8
848.39429,1537122033651822.2
848.80383,1535403502797017.0
849.21338,1547267878982464.0
849.62286,1538251242891919.2
850.03235,1518515974190650.5
850.44177,1515252513739718.5
850.8512,1521597139945673.2
851.26062,1491540562505724.8
851.66998,1471235211107852.5
852.07935,1480648745520832.0
852.48865,1468864295751825.5
852.89801,1457341085376972.8
853.30725,1445782965725517.8
853.71655,1437040343262148.2
854.12573,1423209108504206.2
854.53497,1415156093377541.8
854.94415,1396801794623960.0
855.35333,1383137774967733.0
855.76245,1404220875681439.2
856.17157,1384319284774025.5
856.58069,1354960805361307.8
856.98975,1352580939361550.2
857.39874,1349288680582723.0
857.8078,1341661672292015.5
858.2168,1302385764595197.0
858.62573,1309412510362337.2
859.03467,1309188505676905.0
859.4436,1296247296480768.8
859.85248,1279479732722449.8
860.26135,1268024066498638.2
860.67023,1281897780005106.8
861.07904,1264110325197151.2
861.48785,1249351313591249.5
861.89661,1241072426759810.8
862.30536,1228301902551908.2
862.71405,1239340398742230.8
863.12274,1231684853851360.0
863.53143,1226105144836203.2
863.94006,1217584378472992.8
864.34869,1198761404883138.5
864.75732,1180670190561255.5
865.16589,1183025919940124.8
865.5744,1171764191105786.2
865.98297,1154493547526882.0
866.39148,1149201982373164.5
866.79993,1141619561961887.0
867.20837,1155109428748059.0
867.61682,1128307890172483.2
868.02521,1119481851580253.9
868.43359,1107745983313071.5
868.84192,1119417534579736.9
869.25024,1098711768082333.5
869.65857,1100706075488898.4
870.06683,1092025735658145.5
870.4751,1080231491880952.8
870.8833,1072815767988577.2
871.2915,1051657511453821.9
871.69965,1069005424890989.1
872.10779,1050248988821077.0
872.51593,1030027129622645.1
872.92401,1033912888462500.9
873.33209,1027270298946034.9
873.74017,1041044999295513.9
874.14819,1026907850004425.4
874.55615,995410655122562.2
874.96417,1005812638037468.9
875.37207,995083282132987.4
875.78003,986386865980912.4
876.18793,972729015551831.4
876.59576,993108535927425.6
877.0036,997212281665950.5
877.41144,971212774390091.9
877.81921,954374910176663.0
878.22699,955976493060789.1
878.63477,959725123634415.0
879.04248,937539006562070.4
879.45013,941372786138949.4
879.85779,941653098750836.4
880.26544,932618674544339.8
880.6731,938848052732818.2
881.08063,925074244289240.4
881.48822,933929681422908.8
881.89575,927630370092007.9
882.30328,911486755437751.8
882.71075,893946315559726.1
883.11823,906528148518890.4
883.52563,902547725394526.1
883.93304,890289650401500.5
884.34045,889412919598499.5
884.7478,875198944211761.4
885.15509,876191869202526.2
885.56244,882680232418924.4
885.96973,864157075138652.9
886.37695,863447990712888.4
886.78418,861155463596776.0
887.19141,862348530340926.1
887.59857,858709854207466.8
888.00568,845841126580113.6
888.41284,858122337879683.5
888.81989,846752177882198.4
889.22699,837613365048643.6
889.63403,837588031406719.5
890.04102,848829178189961.6
890.44806,830101771900239.2
890.85498,815417996721768.6
891.26196,839878388912425.9
891.66882,811951635180183.1
892.07574,805037677202874.1
892.4826,784489844060622.8
892.8894,812983242990678.4
893.2962,804894716710622.4
893.703,796047777033880.8
894.10974,784271871448796.8
894.51648,779152767064956.4
894.92316,778540131396213.6
895.32983,776673299036733.5
895.73651,765884762109479.0
896.14313,771359674748504.0
896.54974,768793071765819.8
896.9563,753644695672189.4
897.36285,757284493197658.1
897.76935,749171542240480.4
898.17584,743565176778731.6
898.58228,743594184657313.8
898.98871,737055584777376.1
899.39514,731605504841742.2
899.80151,739505064560778.2
900.20789,716313737459142.1
900.6142,716115370317273.5
901.02051,721374882959661.5
901.42676,710607538977026.5
901.83301,695135127164874.1
902.2392,702388882840443.9
902.64545,716764997033875.8
903.05157,694690694971799.4
903.4577,668595939192144.4
903.86383,676475800849577.0
904.2699,672404771259702.9
904.67596,680737450039665.0
905.08203,675673629068730.5
905.48798,671313801631624.8
905.89398,651779688561515.8
906.29993,650081844363946.4
906.70587,657435032646751.9
907.11176,644359395312206.4
907.51764,639124152938788.8
907.92346,652056719612808.8
908.32928,634648254795830.1
908.73505,630351081554856.5
909.14081,634562127735003.8
909.54651,628013632017619.5
909.95221,594540493291103.4
910.35791,603055623674749.4
910.76355,613421516110540.0
911.16919,593018335285572.5
911.57477,594988728361446.5
911.98035,587800280996995.8
912.38586,584079126822009.0
912.79138,597058341222857.9
913.1969,582431526016423.4
913.60236,553960103363086.6
914.00775,563700767988912.6
914.41315,580038673701263.2
914.81854,559704672817454.56
915.22388,545836519653191.1
915.62921,539989159714921.75
916.03448,547536018544979.4
916.43976,539366401826456.0
916.84497,526782408687129.2
917.25018,546870354447196.25
917.65533,525734224172319.1
918.06049,538590508900307.25
918.46564,510170134839888.3
918.87073,521043733158592.7
919.27582,542311183171140.8
919.68085,536628892235819.44
920.08582,511275454452770.6
920.49084,532055032108121.1
